Марка;Ссылка;Цена в дол;Цена в грн;Город;Состояние;Характеристики;Фото
Citroen C5 Aircross 2020;https://auto.ria.com/newauto/auto-citroen-c5-aircross-1825707.html;32 354 $;881 000 грн;Полтава;В наявності;"Дизель 2.0 л;Автомат;Передній привід;";Живі фото
Citroen C5 Aircross 2021;https://auto.ria.com/newauto/auto-citroen-c5-aircross-1864026.html;31 833 $;866 810 грн;Івано-Франківськ;В наявності;"Дизель 2.0 л;Автомат;Передній привід;";Живі фото
Citroen Berlingo пасс. 2021;https://auto.ria.com/newauto/auto-citroen-berlingo-pass-1864030.html;28 575 $;778 090 грн;Івано-Франківськ;В наявності;"Дизель 1.5 л;Автомат;Передній привід;";Без живих фото
Citroen Berlingo пасс. 2021;https://auto.ria.com/newauto/auto-citroen-berlingo-pass-1863421.html;21 281 $;579 490 грн;Харків;В наявності;"Дизель 1.6 л;Механічна;";Живі фото
Citroen C3 Aircross 2021;https://auto.ria.com/newauto/auto-citroen-c3-aircross-1864024.html;25 435 $;692 590 грн;Івано-Франківськ;В наявності;"Дизель 1.5 л;Автомат;Передній привід;";Без живих фото
Citroen C-Elysee 2020;https://auto.ria.com/newauto/auto-citroen-c-elysee-1850656.html;13 999 $;381 200 грн;Харків;В наявності;"Бензин 1.6 л;Механічна;Передній привід;";Живі фото
Citroen Berlingo груз. 2021;https://auto.ria.com/newauto/auto-citroen-berlingo-gruz-1853547.html;20 823 $;567 000 грн;Полтава;В наявності;"Дизель 1.6 л;Механічна;Передній привід;";Живі фото
Citroen Berlingo пасс. 2021;https://auto.ria.com/newauto/auto-citroen-berlingo-pass-1857800.html;20 198 $;550 000 грн;Черкаси;В наявності;"Дизель 1.6 л;Механічна;";Живі фото
Citroen C-Elysee 2020;https://auto.ria.com/newauto/auto-citroen-c-elysee-1858824.html;13 772 $;375 000 грн;Черкаси;В наявності;"Бензин 1.6 л;Механічна;Передній привід;";Живі фото
Citroen C-Elysee 2020;https://auto.ria.com/newauto/auto-citroen-c-elysee-1825717.html;13 735 $;374 000 грн;Полтава;В наявності;"Бензин 1.6 л;Механічна;Передній привід;";Живі фото
Citroen C5 Aircross 2021;https://auto.ria.com/newauto/auto-citroen-c5-aircross-1860950.html;31 836 $;866 910 грн;Харків;В наявності;"Дизель 2.0 л;Автомат;Передній привід;";Живі фото
Citroen C3 2020;https://auto.ria.com/newauto/auto-citroen-c3-1861768.html;14 504 $;394 950 грн;Харків;В наявності;"Бензин 1.2 л;Механічна;Передній привід;";Живі фото
Citroen Berlingo пасс. 2020;https://auto.ria.com/newauto/auto-citroen-berlingo-pass-1858814.html;21 213 $;577 630 грн;Черкаси;В наявності;"Дизель 1.6 л;Механічна;";Живі фото
Citroen Berlingo пасс. 2021;https://auto.ria.com/newauto/auto-citroen-berlingo-pass-1862690.html;21 282 $;579 520 грн;Вінниця;В наявності;"Дизель 1.6 л;Механічна;";Живі фото
Citroen C3 2021;https://auto.ria.com/newauto/auto-citroen-c3-1860946.html;20 590 $;560 680 грн;Харків;В наявності;"Бензин 1.2 л;Автомат;Передній привід;";Живі фото
Citroen Berlingo пасс. 2020;https://auto.ria.com/newauto/auto-citroen-berlingo-pass-1850765.html;28 372 $;772 570 грн;Одеса;В наявності;"Дизель 1.5 л;Автомат;Передній привід;";Живі фото
Citroen C5 Aircross 2020;https://auto.ria.com/newauto/auto-citroen-c5-aircross-1847866.html;30 609 $;833 490 грн;Івано-Франківськ;В наявності;"Дизель 2.0 л;Автомат;Передній привід;";Живі фото
Citroen C5 Aircross 2021;https://auto.ria.com/newauto/auto-citroen-c5-aircross-1860678.html;29 519 $;803 800 грн;Вінниця;В наявності;"Дизель 1.5 л;Автомат;Передній привід;";Живі фото
Citroen C3 2021;https://auto.ria.com/newauto/auto-citroen-c3-1853575.html;15 163 $;412 900 грн;Полтава;В наявності;"Бензин 1.2 л;Механічна;Передній привід;";Живі фото
Citroen C3 2021;https://auto.ria.com/newauto/auto-citroen-c3-1849989.html;15 608 $;425 000 грн;Полтава;В наявності;"Бензин 1.2 л;Механічна;Передній привід;";Живі фото
Citroen C3 Aircross 2021;https://auto.ria.com/newauto/auto-citroen-c3-aircross-1863468.html;25 435 $;692 590 грн;Харків;В наявності;"Дизель 1.5 л;Автомат;Передній привід;";Живі фото
Citroen C5 Aircross 2020;https://auto.ria.com/newauto/auto-citroen-c5-aircross-1847910.html;27 036 $;736 180 грн;Херсон;В наявності;"Бензин 1.6 л;Автомат;Передній привід;";Без живих фото
Citroen C3 Aircross 2020;https://auto.ria.com/newauto/auto-citroen-c3-aircross-1859224.html;19 709 $;536 690 грн;Харків;В наявності;"Дизель 1.6 л;Механічна;Передній привід;";Живі фото
Citroen Berlingo пасс. 2021;https://auto.ria.com/newauto/auto-citroen-berlingo-pass-1861087.html;20 242 $;551 200 грн;Київ;В наявності;"Дизель 1.6 л;Механічна;";Без живих фото
Citroen C3 Aircross 2020;https://auto.ria.com/newauto/auto-citroen-c3-aircross-1855720.html;20 159 $;548 920 грн;Харків;В наявності;"Дизель 1.6 л;Механічна;Передній привід;";Живі фото
Citroen C3 Aircross 2020;https://auto.ria.com/newauto/auto-citroen-c3-aircross-1846225.html;22 818 $;621 350 грн;Харків;В наявності;"Бензин 1.2 л;Автомат;Передній привід;";Живі фото
Citroen C5 Aircross 2020;https://auto.ria.com/newauto/auto-citroen-c5-aircross-1858718.html;29 711 $;809 030 грн;Харків;В наявності;"Дизель 2.0 л;Автомат;Передній привід;";Живі фото
Citroen Berlingo пасс. 2020;https://auto.ria.com/newauto/auto-citroen-berlingo-pass-1850317.html;27 960 $;761 360 грн;Івано-Франківськ;В наявності;"Дизель 1.5 л;Автомат;Передній привід;";Живі фото
Citroen Berlingo груз. 2021;https://auto.ria.com/newauto/auto-citroen-berlingo-gruz-1859332.html;17 536 $;477 500 грн;Київ;В наявності;"Бензин 1.6 л;Механічна;Передній привід;";Без живих фото
Citroen Space Tourer 2020;https://auto.ria.com/newauto/auto-citroen-space-tourer-1863965.html;42 000 $;1 143 664 грн;Харків;В наявності;"Дизель 2.0 л;Автомат;Передній привід;";Без живих фото
Citroen C3 2021;https://auto.ria.com/newauto/auto-citroen-c3-1862324.html;15 538 $;423 100 грн;Вінниця;Живі фото;"Бензин 1.2 л;Механічна;Передній привід;";Живі фото
Citroen C5 Aircross 2021;https://auto.ria.com/newauto/auto-citroen-c5-aircross-1862816.html;32 938 $;34 921 $;Полтава;Перевірений VIN-код;"Дизель 2.0 л;Автомат;Передній привід;";Без живих фото
Citroen C-Elysee 2021;https://auto.ria.com/newauto/auto-citroen-c-elysee-1863496.html;15 424 $;420 000 грн;Київ;В наявності;"Дизель 1.6 л;Механічна;Передній привід;";Без живих фото
Citroen C3 Aircross 2020;https://auto.ria.com/newauto/auto-citroen-c3-aircross-1850710.html;21 586 $;587 780 грн;Вінниця;В наявності;"Бензин 1.2 л;Автомат;Передній привід;";Живі фото
Citroen C3 2021;https://auto.ria.com/newauto/auto-citroen-c3-1852089.html;20 688 $;563 340 грн;Вінниця;В наявності;"Бензин 1.2 л;Автомат;Передній привід;";Живі фото
Citroen C3 2021;https://auto.ria.com/newauto/auto-citroen-c3-1846269.html;14 778 $;402 400 грн;Вінниця;В наявності;"Бензин 1.2 л;Механічна;Передній привід;";Живі фото
Citroen C3 Aircross 2020;https://auto.ria.com/newauto/auto-citroen-c3-aircross-1840528.html;22 849 $;622 170 грн;Івано-Франківськ;В наявності;"Бензин 1.2 л;Автомат;Передній привід;";Живі фото
Citroen C5 Aircross 2021;https://auto.ria.com/newauto/auto-citroen-c5-aircross-1853564.html;34 892 $;950 100 грн;Полтава;В наявності;"Дизель 2.0 л;Автомат;Передній привід;";Без живих фото
Citroen Berlingo пасс. 2021;https://auto.ria.com/newauto/auto-citroen-berlingo-pass-1863882.html;21 241 $;578 381 грн;Кропивницький (Кіровоград);В наявності;"Дизель 1.6 л;Механічна;";Живі фото
Citroen Berlingo пасс. 2021;https://auto.ria.com/newauto/auto-citroen-berlingo-pass-1862956.html;28 125 $;765 850 грн;Харків;В наявності;"Дизель 1.5 л;Автомат;Передній привід;";Живі фото
Citroen C3 2021;https://auto.ria.com/newauto/auto-citroen-c3-1825712.html;15 424 $;420 000 грн;Полтава;Перевірений VIN-код;"Бензин 1.2 л;Механічна;Передній привід;";Без живих фото
Citroen C3 2021;https://auto.ria.com/newauto/auto-citroen-c3-1858360.html;19 776 $;538 500 грн;Київ;В наявності;"Бензин 1.2 л;Автомат;Передній привід;";Живі фото
Citroen C3 Aircross 2021;https://auto.ria.com/newauto/auto-citroen-c3-aircross-1861612.html;20 382 $;20 844 $;Черкаси;В наявності;"Дизель 1.6 л;Механічна;Передній привід;";Живі фото
Citroen C3 Aircross 2020;https://auto.ria.com/newauto/auto-citroen-c3-aircross-1860807.html;21 667 $;22 218 $;Черкаси;В наявності;"Бензин 1.2 л;Автомат;Передній привід;";Живі фото
Citroen C3 2021;https://auto.ria.com/newauto/auto-citroen-c3-1860445.html;15 335 $;417 580 грн;Харків;В наявності;"Бензин 1.2 л;Механічна;Передній привід;";Живі фото
Citroen C3 2021;https://auto.ria.com/newauto/auto-citroen-c3-1860992.html;20 739 $;564 720 грн;Харків;В наявності;"Бензин 1.2 л;Автомат;Передній привід;";Живі фото
Citroen Berlingo пасс. 2021;https://auto.ria.com/newauto/auto-citroen-berlingo-pass-1858380.html;20 050 $;545 950 грн;Вінниця;В наявності;"Дизель 1.6 л;Механічна;";Живі фото
Citroen Berlingo груз. 2021;https://auto.ria.com/newauto/auto-citroen-berlingo-gruz-1863906.html;21 218 $;577 760 грн;Харків;В наявності;"Дизель 1.6 л;Механічна;Передній привід;";Без живих фото
Citroen C-Elysee 2021;https://auto.ria.com/newauto/auto-citroen-c-elysee-1858715.html;17 231 $;469 200 грн;Харків;В наявності;"Бензин 1.6 л;Автомат;Передній привід;";Живі фото
Citroen C3 2021;https://auto.ria.com/newauto/auto-citroen-c3-1861739.html;14 781 $;402 500 грн;Полтава;Живі фото;"Бензин 1.2 л;Механічна;Передній привід;";Живі фото
Citroen C5 Aircross 2021;https://auto.ria.com/newauto/auto-citroen-c5-aircross-1863598.html;31 583 $;860 000 грн;Черкаси;В наявності;"Дизель 2.0 л;Автомат;Передній привід;";Живі фото
Citroen C3 2021;https://auto.ria.com/newauto/auto-citroen-c3-1859985.html;15 335 $;417 580 грн;Вінниця;Живі фото;"Бензин 1.2 л;Механічна;Передній привід;";Живі фото
Citroen C3 Aircross 2021;https://auto.ria.com/newauto/auto-citroen-c3-aircross-1860185.html;20 369 $;554 650 грн;Вінниця;Живі фото;"Дизель 1.6 л;Механічна;Передній привід;";Живі фото
Citroen C3 2021;https://auto.ria.com/newauto/auto-citroen-c3-1859996.html;15 335 $;417 580 грн;Вінниця;В наявності;"Бензин 1.2 л;Механічна;Передній привід;";Живі фото
Citroen C-Elysee 2020;https://auto.ria.com/newauto/auto-citroen-c-elysee-1844717.html;13 900 $;378 500 грн;Вінниця;В наявності;"Бензин 1.6 л;Механічна;Передній привід;";Живі фото
Citroen C3 2021;https://auto.ria.com/newauto/auto-citroen-c3-1859987.html;15 842 $;431 380 грн;Вінниця;Живі фото;"Бензин 1.2 л;Механічна;Передній привід;";Живі фото
Citroen C3 2021;https://auto.ria.com/newauto/auto-citroen-c3-1847867.html;20 485 $;557 820 грн;Вінниця;В наявності;"Бензин 1.2 л;Автомат;Передній привід;";Живі фото
Citroen C3 2021;https://auto.ria.com/newauto/auto-citroen-c3-1857866.html;14 778 $;402 400 грн;Одеса;Живі фото;"Бензин 1.2 л;Механічна;Передній привід;";Живі фото
Citroen C3 2021;https://auto.ria.com/newauto/auto-citroen-c3-1853577.html;21 116 $;575 000 грн;Полтава;В наявності;"Бензин 1.2 л;Автомат;Передній привід;";Без живих фото
Citroen Berlingo пасс. 2021;https://auto.ria.com/newauto/auto-citroen-berlingo-pass-1863595.html;22 585 $;615 000 грн;Черкаси;В наявності;"Дизель 1.6 л;Механічна;";Живі фото
Citroen Berlingo пасс. 2020;https://auto.ria.com/newauto/auto-citroen-berlingo-pass-1855422.html;23 054 $;627 750 грн;Харків;В наявності;"Дизель 1.6 л;Механічна;";Живі фото
Citroen C5 Aircross 2021;https://auto.ria.com/newauto/auto-citroen-c5-aircross-1853562.html;29 519 $;803 800 грн;Полтава;Перевірений VIN-код;"Дизель 1.5 л;Автомат;Передній привід;";Без живих фото
Citroen C5 Aircross 2021;https://auto.ria.com/newauto/auto-citroen-c5-aircross-1853563.html;30 606 $;833 400 грн;Полтава;Перевірений VIN-код;"Дизель 2.0 л;Автомат;Передній привід;";Без живих фото
Citroen C5 Aircross 2021;https://auto.ria.com/newauto/auto-citroen-c5-aircross-1843712.html;27 154 $;739 400 грн;Полтава;Перевірений VIN-код;"Бензин 1.6 л;Автомат;Передній привід;";Без живих фото
Citroen C5 Aircross 2021;https://auto.ria.com/newauto/auto-citroen-c5-aircross-1853560.html;28 549 $;777 400 грн;Полтава;Перевірений VIN-код;"Бензин 1.6 л;Автомат;Передній привід;";Без живих фото
Citroen C3 Aircross 2021;https://auto.ria.com/newauto/auto-citroen-c3-aircross-1850122.html;20 184 $;549 600 грн;Київ;Живі фото;"Дизель 1.6 л;Механічна;Передній привід;";Живі фото
Citroen C5 Aircross 2021;https://auto.ria.com/newauto/auto-citroen-c5-aircross-1861487.html;33 709 $;917 900 грн;Кропивницький (Кіровоград);В наявності;"Дизель 2.0 л;Автомат;Передній привід;";Живі фото
Citroen C3 2020;https://auto.ria.com/newauto/auto-citroen-c3-1861173.html;19 611 $;534 000 грн;Черкаси;В наявності;"Бензин 1.2 л;Автомат;Передній привід;";Живі фото
Citroen Space Tourer 2020;https://auto.ria.com/newauto/auto-citroen-space-tourer-1857194.html;38 031 $;1 035 600 грн;Київ;В наявності;"Дизель 2.0 л;Автомат;Передній привід;";Живі фото
Citroen C3 2021;https://auto.ria.com/newauto/auto-citroen-c3-1855603.html;21 195 $;577 140 грн;Одеса;Живі фото;"Бензин 1.2 л;Автомат;Передній привід;";Живі фото
Citroen C3 2021;https://auto.ria.com/newauto/auto-citroen-c3-1855597.html;20 688 $;563 340 грн;Одеса;Живі фото;"Бензин 1.2 л;Автомат;Передній привід;";Живі фото
Citroen C3 2021;https://auto.ria.com/newauto/auto-citroen-c3-1848287.html;21 094 $;574 380 грн;Одеса;Живі фото;"Бензин 1.2 л;Автомат;Передній привід;";Живі фото
Citroen C3 Aircross 2021;https://auto.ria.com/newauto/auto-citroen-c3-aircross-1844985.html;21 972 $;598 300 грн;Київ;В наявності;"Бензин 1.2 л;Автомат;Передній привід;";Живі фото
Citroen C-Elysee 2020;https://auto.ria.com/newauto/auto-citroen-c-elysee-1851951.html;13 955 $;380 000 грн;Черкаси;В наявності;"Бензин 1.6 л;Механічна;Передній привід;";Живі фото
Citroen Berlingo пасс. 2021;https://auto.ria.com/newauto/auto-citroen-berlingo-pass-1850835.html;22 265 $;606 290 грн;Вінниця;В наявності;"Дизель 1.6 л;Механічна;";Живі фото
Citroen C-Elysee 2020;https://auto.ria.com/newauto/auto-citroen-c-elysee-1858834.html;13 772 $;375 000 грн;Черкаси;В наявності;"Бензин 1.6 л;Механічна;Передній привід;";Живі фото
Citroen Berlingo пасс. 2021;https://auto.ria.com/newauto/auto-citroen-berlingo-pass-1858707.html;20 832 $;567 250 грн;Харків;В наявності;"Дизель 1.6 л;Механічна;";Живі фото
Citroen Space Tourer 2021;https://auto.ria.com/newauto/auto-citroen-space-tourer-1858952.html;42 977 $;44 473 $;Кропивницький (Кіровоград);В наявності;"Дизель 2.0 л;Автомат;Передній привід;";Живі фото
Citroen C5 Aircross 2021;https://auto.ria.com/newauto/auto-citroen-c5-aircross-1855778.html;31 101 $;846 890 грн;Одеса;Живі фото;"Дизель 1.5 л;Автомат;Передній привід;";Живі фото
Citroen Berlingo пасс. 2021;https://auto.ria.com/newauto/auto-citroen-berlingo-pass-1863601.html;21 300 $;580 000 грн;Черкаси;В наявності;"Дизель 1.6 л;Механічна;";Живі фото
Citroen Berlingo груз. 2021;https://auto.ria.com/newauto/auto-citroen-berlingo-gruz-1860463.html;20 933 $;570 000 грн;Черкаси;В наявності;"Дизель 1.6 л;Механічна;Передній привід;";Живі фото
Citroen Berlingo пасс. 2021;https://auto.ria.com/newauto/auto-citroen-berlingo-pass-1860811.html;27 543 $;750 000 грн;Черкаси;В наявності;"Дизель 1.5 л;Автомат;Передній привід;";Живі фото
Citroen Berlingo пасс. 2021;https://auto.ria.com/newauto/auto-citroen-berlingo-pass-1862906.html;28 070 $;764 355 грн;Кропивницький (Кіровоград);В наявності;"Дизель 1.5 л;Автомат;Передній привід;";Живі фото
Citroen C3 Aircross 2021;https://auto.ria.com/newauto/auto-citroen-c3-aircross-1862268.html;23 790 $;647 800 грн;Кропивницький (Кіровоград);В наявності;"Бензин 1.2 л;Автомат;Передній привід;";Живі фото
Citroen Jumper груз. 2021;https://auto.ria.com/newauto/auto-citroen-jumper-gruz-1862935.html;33 162 $;903 000 грн;Кропивницький (Кіровоград);В наявності;"Дизель 2.0 л;Механічна;Передній привід;";Живі фото
Citroen C5 Aircross 2021;https://auto.ria.com/newauto/auto-citroen-c5-aircross-1862414.html;32 361 $;881 200 грн;Кропивницький (Кіровоград);В наявності;"Дизель 2.0 л;Автомат;Передній привід;";Живі фото
Citroen C5 Aircross 2021;https://auto.ria.com/newauto/auto-citroen-c5-aircross-1863525.html;34 153 $;34 888 $;Черкаси;В наявності;"Дизель 2.0 л;Автомат;Передній привід;";Живі фото
Citroen C-Elysee 2020;https://auto.ria.com/newauto/auto-citroen-c-elysee-1850661.html;14 234 $;387 600 грн;Харків;В наявності;"Бензин 1.6 л;Механічна;Передній привід;";Живі фото
Citroen Berlingo груз. 2021;https://auto.ria.com/newauto/auto-citroen-berlingo-gruz-1856678.html;21 310 $;580 280 грн;Вінниця;Живі фото;"Дизель 1.6 л;Механічна;Передній привід;";Живі фото
Citroen Berlingo груз. 2021;https://auto.ria.com/newauto/auto-citroen-berlingo-gruz-1853543.html;20 297 $;552 700 грн;Полтава;Живі фото;"Дизель 1.6 л;Механічна;Передній привід;";Живі фото
Citroen C-Elysee 2020;https://auto.ria.com/newauto/auto-citroen-c-elysee-1852020.html;13 383 $;364 420 грн;Харків;В наявності;"Бензин 1.2 л;Механічна;Передній привід;";Без живих фото
Citroen C3 2020;https://auto.ria.com/newauto/auto-citroen-c3-1850189.html;19 870 $;541 050 грн;Харків;В наявності;"Бензин 1.2 л;Автомат;Передній привід;";Без живих фото
Citroen Berlingo груз. 2021;https://auto.ria.com/newauto/auto-citroen-berlingo-gruz-1844442.html;21 218 $;577 760 грн;Полтава;Живі фото;"Дизель 1.6 л;Механічна;Передній привід;";Живі фото
Citroen Space Tourer 2021;https://auto.ria.com/newauto/auto-citroen-space-tourer-1861346.html;44 822 $;1 220 500 грн;Харків;В наявності;"Дизель 2.0 л;Автомат;Передній привід;";Без живих фото
Citroen C-Elysee 2021;https://auto.ria.com/newauto/auto-citroen-c-elysee-1850401.html;15 461 $;421 000 грн;Кропивницький (Кіровоград);В наявності;"Бензин 1.6 л;Механічна;Передній привід;";Живі фото
Citroen C5 Aircross 2021;https://auto.ria.com/newauto/auto-citroen-c5-aircross-1863293.html;35 145 $;957 000 грн;Черкаси;Живі фото;"Дизель 2.0 л;Автомат;Передній привід;";Живі фото
Citroen Berlingo пасс. 2021;https://auto.ria.com/newauto/auto-citroen-berlingo-pass-1862687.html;20 833 $;567 280 грн;Вінниця;Живі фото;"Дизель 1.6 л;Механічна;";Живі фото
Citroen Berlingo пасс. 2021;https://auto.ria.com/newauto/auto-citroen-berlingo-pass-1861970.html;27 801 $;757 020 грн;Харків;В наявності;"Дизель 1.5 л;Автомат;Передній привід;";Живі фото
Citroen Berlingo пасс. 2021;https://auto.ria.com/newauto/auto-citroen-berlingo-pass-1862556.html;23 773 $;647 330 грн;Харків;В наявності;"Дизель 1.6 л;Механічна;";Живі фото
Citroen C5 Aircross 2021;https://auto.ria.com/newauto/auto-citroen-c5-aircross-1863066.html;31 215 $;850 000 грн;Черкаси;В наявності;"Дизель 2.0 л;Автомат;Передній привід;";Живі фото
Citroen C-Elysee 2021;https://auto.ria.com/newauto/auto-citroen-c-elysee-1848600.html;15 236 $;414 890 грн;Одеса;Живі фото;"Бензин 1.6 л;Механічна;Передній привід;";Живі фото
Citroen Berlingo пасс. 2020;https://auto.ria.com/newauto/auto-citroen-berlingo-pass-1858613.html;26 423 $;719 500 грн;Харків;В наявності;"Дизель 1.5 л;Автомат;Передній привід;";Живі фото
Citroen C3 Aircross 2021;https://auto.ria.com/newauto/auto-citroen-c3-aircross-1860043.html;24 234 $;659 900 грн;Одеса;В наявності;"Бензин 1.2 л;Автомат;Передній привід;";Живі фото
Citroen Berlingo пасс. 2021;https://auto.ria.com/newauto/auto-citroen-berlingo-pass-1862559.html;23 323 $;635 090 грн;Харків;В наявності;"Дизель 1.6 л;Механічна;";Живі фото
Citroen C3 2021;https://auto.ria.com/newauto/auto-citroen-c3-1859790.html;21 250 $;578 630 грн;Харків;В наявності;"Бензин 1.2 л;Автомат;Передній привід;";Живі фото
Citroen Jumpy груз. 2020;https://auto.ria.com/newauto/auto-citroen-jumpy-gruz-1847713.html;31 322 $;852 900 грн;Вінниця;Живі фото;"Дизель 2.0 л;Механічна;Передній привід;";Живі фото
Citroen Berlingo пасс. 2021;https://auto.ria.com/newauto/auto-citroen-berlingo-pass-1858107.html;20 050 $;545 950 грн;Харків;В наявності;"Дизель 1.6 л;Механічна;";Живі фото
Citroen Jumper груз. 2021;https://auto.ria.com/newauto/auto-citroen-jumper-gruz-1857104.html;36 783 $;1 001 600 грн;Харків;В наявності;"Дизель 2.0 л;Механічна;Передній привід;";Без живих фото
Citroen C3 2020;https://auto.ria.com/newauto/auto-citroen-c3-1847940.html;14 776 $;402 340 грн;Харків;В наявності;"Бензин 1.2 л;Механічна;Передній привід;";Живі фото
Citroen C3 2021;https://auto.ria.com/newauto/auto-citroen-c3-1853576.html;16 081 $;437 900 грн;Полтава;Перевірений VIN-код;"Бензин 1.2 л;Механічна;Передній привід;";Без живих фото
Citroen C5 Aircross 2021;https://auto.ria.com/newauto/auto-citroen-c5-aircross-1819652.html;29 776 $;810 810 грн;Вінниця;В наявності;"Бензин 1.6 л;Автомат;Передній привід;";Живі фото
Citroen C5 Aircross 2021;https://auto.ria.com/newauto/auto-citroen-c5-aircross-1842968.html;32 399 $;882 230 грн;Вінниця;В наявності;"Дизель 2.0 л;Автомат;Передній привід;";Живі фото
Citroen C-Elysee 2021;https://auto.ria.com/newauto/auto-citroen-c-elysee-1842604.html;16 959 $;461 790 грн;Вінниця;Живі фото;"Бензин 1.6 л;Автомат;Передній привід;";Живі фото
Citroen C-Elysee 2021;https://auto.ria.com/newauto/auto-citroen-c-elysee-1846238.html;15 509 $;422 300 грн;Вінниця;Живі фото;"Бензин 1.6 л;Механічна;Передній привід;";Живі фото
Citroen C-Elysee 2021;https://auto.ria.com/newauto/auto-citroen-c-elysee-1855605.html;17 894 $;487 260 грн;Одеса;Живі фото;"Бензин 1.6 л;Автомат;Передній привід;";Живі фото
Citroen C-Elysee 2020;https://auto.ria.com/newauto/auto-citroen-c-elysee-1855869.html;14 036 $;382 210 грн;Одеса;В наявності;"Бензин 1.6 л;Механічна;Передній привід;";Живі фото
Citroen C-Elysee 2021;https://auto.ria.com/newauto/auto-citroen-c-elysee-1850758.html;17 231 $;469 200 грн;Одеса;Живі фото;"Бензин 1.6 л;Автомат;Передній привід;";Живі фото
Citroen Space Tourer 2021;https://auto.ria.com/newauto/auto-citroen-space-tourer-1786893.html;43 334 $;1 180 000 грн;Полтава;В наявності;"Дизель 2.0 л;Автомат;Передній привід;";Без живих фото
Citroen C5 Aircross 2020;https://auto.ria.com/newauto/auto-citroen-c5-aircross-1861512.html;31 546 $;859 000 грн;Херсон;В наявності;"Дизель 2.0 л;Автомат;Передній привід;";Без живих фото
Citroen C-Elysee 2020;https://auto.ria.com/newauto/auto-citroen-c-elysee-1863353.html;13 404 $;365 000 грн;Херсон;В наявності;"Бензин 1.6 л;Механічна;Передній привід;";Без живих фото
Citroen C3 Aircross 2020;https://auto.ria.com/newauto/auto-citroen-c3-aircross-1844287.html;21 998 $;599 000 грн;Херсон;В наявності;"Бензин 1.2 л;Автомат;Передній привід;";Без живих фото
Citroen Jumper груз. 2021;https://auto.ria.com/newauto/auto-citroen-jumper-gruz-1859263.html;32 508 $;885 200 грн;Київ;В наявності;"Дизель 2.0 л;Механічна;Передній привід;";Без живих фото
Citroen Berlingo пасс. 2021;https://auto.ria.com/newauto/auto-citroen-berlingo-pass-1862474.html;21 715 $;591 300 грн;Київ;В наявності;"Дизель 1.6 л;Механічна;";Живі фото
Citroen C5 Aircross 2021;https://auto.ria.com/newauto/auto-citroen-c5-aircross-1845886.html;30 606 $;833 400 грн;Київ;Живі фото;"Дизель 2.0 л;Автомат;Передній привід;";Живі фото
Citroen C3 2021;https://auto.ria.com/newauto/auto-citroen-c3-1847675.html;19 776 $;538 500 грн;Київ;В наявності;"Бензин 1.2 л;Автомат;Передній привід;";Живі фото
Citroen Berlingo пасс. 2021;https://auto.ria.com/newauto/auto-citroen-berlingo-pass-1860590.html;27 286 $;743 000 грн;Київ;В наявності;"Дизель 1.5 л;Автомат;Передній привід;";Живі фото
Citroen C5 Aircross 2021;https://auto.ria.com/newauto/auto-citroen-c5-aircross-1862316.html;35 035 $;954 000 грн;Київ;В наявності;"Дизель 2.0 л;Автомат;Передній привід;";Живі фото
Citroen Jumpy груз. 2021;https://auto.ria.com/newauto/auto-citroen-jumpy-gruz-1850082.html;32 695 $;890 300 грн;Харків;В наявності;"Дизель 2.0 л;Механічна;Передній привід;";Без живих фото
Citroen C5 Aircross 2021;https://auto.ria.com/newauto/auto-citroen-c5-aircross-1863179.html;35 145 $;957 000 грн;Івано-Франківськ;В наявності;"Дизель 2.0 л;Автомат;Передній привід;";Без живих фото
Citroen Space Tourer 2021;https://auto.ria.com/newauto/auto-citroen-space-tourer-1859932.html;39 111 $;1 065 000 грн;Полтава;В наявності;"Дизель 2.0 л;Механічна;Передній привід;";Без живих фото
Citroen C-Elysee 2021;https://auto.ria.com/newauto/auto-citroen-c-elysee-1838149.html;15 424 $;420 000 грн;Київ;В наявності;"Дизель 1.6 л;Механічна;Передній привід;";Живі фото
Citroen Jumpy груз. 2021;https://auto.ria.com/newauto/auto-citroen-jumpy-gruz-1859327.html;30 327 $;825 800 грн;Київ;В наявності;"Дизель 2.0 л;Механічна;Передній привід;";Без живих фото
Citroen C5 Aircross 2021;https://auto.ria.com/newauto/auto-citroen-c5-aircross-1862331.html;35 512 $;967 000 грн;Київ;В наявності;"Дизель 2.0 л;Автомат;Передній привід;";Живі фото
Citroen Jumper груз. 2021;https://auto.ria.com/newauto/auto-citroen-jumper-gruz-1859680.html;33 320 $;907 300 грн;Одеса;В наявності;"Дизель 2.0 л;Механічна;Передній привід;";Живі фото
Citroen C5 Aircross 2021;https://auto.ria.com/newauto/auto-citroen-c5-aircross-1862317.html;33 713 $;918 000 грн;Київ;В наявності;"Дизель 2.0 л;Автомат;Передній привід;";Без живих фото
Citroen Berlingo пасс. 2021;https://auto.ria.com/newauto/auto-citroen-berlingo-pass-1858392.html;27 811 $;757 290 грн;Вінниця;Живі фото;"Дизель 1.5 л;Автомат;Передній привід;";Живі фото
Citroen C5 Aircross 2021;https://auto.ria.com/newauto/auto-citroen-c5-aircross-1860741.html;34 018 $;926 310 грн;Вінниця;Живі фото;"Дизель 2.0 л;Автомат;Передній привід;";Живі фото
Citroen C5 Aircross 2021;https://auto.ria.com/newauto/auto-citroen-c5-aircross-1860147.html;34 018 $;926 310 грн;Вінниця;Живі фото;"Дизель 2.0 л;Автомат;Передній привід;";Живі фото
Citroen C3 2021;https://auto.ria.com/newauto/auto-citroen-c3-1844659.html;14 778 $;402 400 грн;Київ;В наявності;"Бензин 1.2 л;Механічна;Передній привід;";Живі фото
Citroen C5 Aircross 2021;https://auto.ria.com/newauto/auto-citroen-c5-aircross-1856336.html;31 927 $;869 380 грн;Вінниця;Живі фото;"Дизель 2.0 л;Автомат;Передній привід;";Живі фото
Citroen Berlingo пасс. 2021;https://auto.ria.com/newauto/auto-citroen-berlingo-pass-1861738.html;20 657 $;562 500 грн;Полтава;Живі фото;"Дизель 1.6 л;Механічна;";Живі фото
Citroen Space Tourer 2021;https://auto.ria.com/newauto/auto-citroen-space-tourer-1862314.html;47 105 $;1 282 680 грн;Київ;В наявності;"Дизель 2.0 л;Автомат;Передній привід;";Без живих фото
Citroen C5 Aircross 2021;https://auto.ria.com/newauto/auto-citroen-c5-aircross-1842753.html;33 924 $;923 750 грн;Вінниця;Живі фото;"Дизель 2.0 л;Автомат;Передній привід;";Живі фото
Citroen C3 Aircross 2021;https://auto.ria.com/newauto/auto-citroen-c3-aircross-1860620.html;25 487 $;694 000 грн;Київ;В наявності;"Дизель 1.5 л;Автомат;Передній привід;";Живі фото
Citroen C3 2021;https://auto.ria.com/newauto/auto-citroen-c3-1863417.html;21 153 $;576 000 грн;Київ;В наявності;"Бензин 1.2 л;Автомат;Передній привід;";Без живих фото
Citroen C3 2021;https://auto.ria.com/newauto/auto-citroen-c3-1860598.html;20 749 $;565 003 грн;Київ;В наявності;"Бензин 1.2 л;Автомат;Передній привід;";Живі фото
Citroen C5 Aircross 2021;https://auto.ria.com/newauto/auto-citroen-c5-aircross-1850197.html;30 617 $;833 700 грн;Київ;В наявності;"Дизель 2.0 л;Автомат;Передній привід;";Живі фото
Citroen Berlingo пасс. 2021;https://auto.ria.com/newauto/auto-citroen-berlingo-pass-1847211.html;27 437 $;747 100 грн;Київ;В наявності;"Дизель 1.5 л;Автомат;Передній привід;";Живі фото
Citroen Berlingo груз. 2021;https://auto.ria.com/newauto/auto-citroen-berlingo-gruz-1786868.html;19 724 $;537 100 грн;Полтава;Перевірений VIN-код;"Бензин 1.6 л;Механічна;Передній привід;";Без живих фото
Citroen C5 Aircross 2020;https://auto.ria.com/newauto/auto-citroen-c5-aircross-1860130.html;32 938 $;896 900 грн;Київ;В наявності;"Дизель 2.0 л;Автомат;Передній привід;";Живі фото
Citroen Berlingo пасс. 2021;https://auto.ria.com/newauto/auto-citroen-berlingo-pass-1860890.html;20 823 $;567 000 грн;Київ;В наявності;"Дизель 1.6 л;Механічна;";Без живих фото
Citroen Berlingo груз. 2021;https://auto.ria.com/newauto/auto-citroen-berlingo-gruz-1853542.html;17 536 $;477 500 грн;Полтава;Перевірений VIN-код;"Бензин 1.6 л;Механічна;Передній привід;";Без живих фото
Citroen Berlingo груз. 2021;https://auto.ria.com/newauto/auto-citroen-berlingo-gruz-1853546.html;18 906 $;514 820 грн;Полтава;Перевірений VIN-код;"Бензин 1.6 л;Механічна;Передній привід;";Без живих фото
Citroen Berlingo груз. 2021;https://auto.ria.com/newauto/auto-citroen-berlingo-gruz-1853548.html;24 741 $;673 690 грн;Полтава;Перевірений VIN-код;"Дизель 1.5 л;Автомат;Передній привід;";Без живих фото
Citroen Berlingo груз. 2021;https://auto.ria.com/newauto/auto-citroen-berlingo-gruz-1853545.html;24 014 $;653 900 грн;Полтава;Перевірений VIN-код;"Дизель 1.5 л;Автомат;Передній привід;";Без живих фото
Citroen C-Elysee 2021;https://auto.ria.com/newauto/auto-citroen-c-elysee-1810233.html;15 236 $;414 890 грн;Вінниця;Живі фото;"Бензин 1.6 л;Механічна;Передній привід;";Живі фото
Citroen C5 Aircross 2021;https://auto.ria.com/newauto/auto-citroen-c5-aircross-1853726.html;30 595 $;833 100 грн;Київ;В наявності;"Дизель 2.0 л;Автомат;Передній привід;";Без живих фото
Citroen Jumper груз. 2020;https://auto.ria.com/newauto/auto-citroen-jumper-gruz-1850081.html;32 009 $;871 600 грн;Харків;Перевірений VIN-код;"Дизель 2.2 л;Механічна;Передній привід;";Без живих фото
Citroen C5 Aircross 2021;https://auto.ria.com/newauto/auto-citroen-c5-aircross-1844525.html;30 606 $;833 400 грн;Київ;В наявності;"Дизель 2.0 л;Автомат;Передній привід;";Живі фото
Citroen Space Tourer 2021;https://auto.ria.com/newauto/auto-citroen-space-tourer-1845369.html;44 851 $;1 221 300 грн;Київ;В наявності;"Дизель 2.0 л;Автомат;Передній привід;";Живі фото
Citroen Jumper пасс. 2020;https://auto.ria.com/newauto/auto-citroen-jumper-pass-1831686.html;47 793 $;1 301 400 грн;Київ;Живі фото;"Дизель 2.0 л;Механічна;Передній привід;";Живі фото
Citroen Berlingo пасс. 2021;https://auto.ria.com/newauto/auto-citroen-berlingo-pass-1862661.html;20 050 $;545 950 грн;Херсон;В наявності;"Дизель 1.6 л;Механічна;";Без живих фото
Citroen C-Elysee 2021;https://auto.ria.com/newauto/auto-citroen-c-elysee-1839341.html;16 533 $;450 200 грн;Київ;Живі фото;"Бензин 1.6 л;Автомат;Передній привід;";Живі фото
Citroen Berlingo пасс. 2020;https://auto.ria.com/newauto/auto-citroen-berlingo-pass-1855758.html;21 642 $;589 320 грн;Херсон;В наявності;"Дизель 1.6 л;Механічна;";Без живих фото
Citroen C3 2021;https://auto.ria.com/newauto/auto-citroen-c3-1861080.html;19 776 $;538 500 грн;Київ;В наявності;"Бензин 1.2 л;Автомат;Передній привід;";Без живих фото
Citroen C5 Aircross 2021;https://auto.ria.com/newauto/auto-citroen-c5-aircross-1853724.html;30 606 $;833 400 грн;Київ;В наявності;"Дизель 2.0 л;Автомат;Передній привід;";Живі фото
Citroen C3 2021;https://auto.ria.com/newauto/auto-citroen-c3-1856660.html;15 446 $;420 590 грн;Запоріжжя;В наявності;"Бензин 1.2 л;Механічна;Передній привід;";Без живих фото
Citroen C5 Aircross 2020;https://auto.ria.com/newauto/auto-citroen-c5-aircross-1863334.html;32 555 $;886 480 грн;Херсон;В наявності;"Дизель 2.0 л;Автомат;Передній привід;";Без живих фото
Citroen Space Tourer 2021;https://auto.ria.com/newauto/auto-citroen-space-tourer-1825698.html;42 934 $;1 169 100 грн;Полтава;Перевірений VIN-код;"Дизель 2.0 л;Автомат;Передній привід;";Без живих фото
Citroen Berlingo пасс. 2020;https://auto.ria.com/newauto/auto-citroen-berlingo-pass-1861890.html;27 125 $;738 620 грн;Херсон;В наявності;"Дизель 1.5 л;Автомат;Передній привід;";Без живих фото
Citroen C3 Aircross 2021;https://auto.ria.com/newauto/auto-citroen-c3-aircross-1853570.html;21 116 $;21 972 $;Полтава;В наявності;"Бензин 1.2 л;Автомат;Передній привід;";Без живих фото
Citroen C-Elysee 2021;https://auto.ria.com/newauto/auto-citroen-c-elysee-1854211.html;16 882 $;459 700 грн;Полтава;Перевірений VIN-код;"Дизель 1.6 л;Механічна;Передній привід;";Без живих фото
Citroen Berlingo пасс. 2021;https://auto.ria.com/newauto/auto-citroen-berlingo-pass-1861737.html;20 242 $;551 200 грн;Полтава;Живі фото;"Дизель 1.6 л;Механічна;";Живі фото
Citroen Jumper груз. 2021;https://auto.ria.com/newauto/auto-citroen-jumper-gruz-1859553.html;33 177 $;903 400 грн;Херсон;В наявності;"Дизель 2.2 л;Механічна;Передній привід;";Без живих фото
Citroen C-Elysee 2020;https://auto.ria.com/newauto/auto-citroen-c-elysee-1848679.html;14 183 $;386 200 грн;Запоріжжя;В наявності;"Бензин 1.6 л;Механічна;Передній привід;";Без живих фото
Citroen C5 Aircross 2021;https://auto.ria.com/newauto/auto-citroen-c5-aircross-1863307.html;31 833 $;866 810 грн;Херсон;В наявності;"Дизель 2.0 л;Автомат;Передній привід;";Без живих фото
Citroen C-Elysee 2021;https://auto.ria.com/newauto/auto-citroen-c-elysee-1856661.html;15 509 $;422 300 грн;Запоріжжя;Перевірений VIN-код;"Бензин 1.6 л;Механічна;Передній привід;";Без живих фото
Citroen C3 Aircross 2021;https://auto.ria.com/newauto/auto-citroen-c3-aircross-1856659.html;24 903 $;678 110 грн;Запоріжжя;В наявності;"Бензин 1.2 л;Автомат;Передній привід;";Без живих фото
Citroen Berlingo пасс. 2021;https://auto.ria.com/newauto/auto-citroen-berlingo-pass-1859934.html;21 715 $;591 300 грн;Полтава;Перевірений VIN-код;"Дизель 1.6 л;Механічна;";Без живих фото
Citroen C5 Aircross 2021;https://auto.ria.com/newauto/auto-citroen-c5-aircross-1863306.html;32 022 $;871 950 грн;Херсон;В наявності;"Дизель 2.0 л;Автомат;Передній привід;";Без живих фото
Citroen Berlingo пасс. 2020;https://auto.ria.com/newauto/auto-citroen-berlingo-pass-1846184.html;28 055 $;763 940 грн;Запоріжжя;В наявності;"Дизель 1.5 л;Автомат;Передній привід;";Без живих фото
Citroen C-Elysee 2021;https://auto.ria.com/newauto/auto-citroen-c-elysee-1844454.html;17 231 $;469 200 грн;Херсон;В наявності;"Бензин 1.6 л;Автомат;Передній привід;";Без живих фото
Citroen Berlingo груз. 2021;https://auto.ria.com/newauto/auto-citroen-berlingo-gruz-1861524.html;19 724 $;537 100 грн;Херсон;В наявності;"Бензин 1.6 л;Механічна;Передній привід;";Без живих фото
Citroen Space Tourer 2021;https://auto.ria.com/newauto/auto-citroen-space-tourer-1825973.html;50 165 $;1 366 000 грн;Полтава;Перевірений VIN-код;"Дизель 2.0 л;Автомат;Передній привід;";Без живих фото
Citroen Berlingo пасс. 2021;https://auto.ria.com/newauto/auto-citroen-berlingo-pass-1853578.html;19 460 $;529 900 грн;Полтава;Перевірений VIN-код;"Дизель 1.6 л;Механічна;";Без живих фото
Citroen Berlingo груз. 2020;https://auto.ria.com/newauto/auto-citroen-berlingo-gruz-1853071.html;20 680 $;563 130 грн;Запоріжжя;Перевірений VIN-код;"Дизель 1.6 л;Механічна;Передній привід;";Без живих фото
Citroen C3 Aircross 2021;https://auto.ria.com/newauto/auto-citroen-c3-aircross-1853555.html;24 422 $;665 000 грн;Запоріжжя;Перевірений VIN-код;"Дизель 1.5 л;Автомат;Передній привід;";Без живих фото
Citroen C-Elysee 2020;https://auto.ria.com/newauto/auto-citroen-c-elysee-1852701.html;14 222 $;387 280 грн;Запоріжжя;Перевірений VIN-код;"Бензин 1.2 л;Механічна;Передній привід;";Без живих фото
Citroen Space Tourer 2021;https://auto.ria.com/newauto/auto-citroen-space-tourer-1825700.html;54 859 $;1 493 820 грн;Полтава;Перевірений VIN-код;"Дизель 2.0 л;Механічна;Повний привід;";Без живих фото
Citroen Space Tourer 2021;https://auto.ria.com/newauto/auto-citroen-space-tourer-1853554.html;44 851 $;1 221 300 грн;Полтава;Перевірений VIN-код;"Дизель 2.0 л;Автомат;Передній привід;";Без живих фото
Citroen C-Elysee 2021;https://auto.ria.com/newauto/auto-citroen-c-elysee-1854208.html;14 811 $;403 300 грн;Полтава;Перевірений VIN-код;"Бензин 1.6 л;Механічна;Передній привід;";Без живих фото
Citroen Space Tourer 2021;https://auto.ria.com/newauto/auto-citroen-space-tourer-1853552.html;35 130 $;956 600 грн;Полтава;Перевірений VIN-код;"Дизель 2.0 л;Механічна;Передній привід;";Без живих фото
Citroen Space Tourer 2021;https://auto.ria.com/newauto/auto-citroen-space-tourer-1847465.html;41 873 $;1 140 200 грн;Полтава;Перевірений VIN-код;"Дизель 2.0 л;Механічна;Передній привід;";Без живих фото
Citroen Berlingo пасс. 2021;https://auto.ria.com/newauto/auto-citroen-berlingo-pass-1853559.html;27 216 $;741 100 грн;Полтава;Перевірений VIN-код;"Дизель 1.5 л;Автомат;Передній привід;";Без живих фото
Citroen C4 2021;https://auto.ria.com/newauto/auto-citroen-c4-1861766.html;21 047 $;573 100 грн;Полтава;Перевірений VIN-код;"Бензин 1.2 л;Механічна;Передній привід;";Без живих фото
Citroen C-Elysee 2021;https://auto.ria.com/newauto/auto-citroen-c-elysee-1854207.html;14 179 $;386 100 грн;Полтава;Перевірений VIN-код;"Бензин 1.2 л;Механічна;Передній привід;";Без живих фото
Citroen C4 2021;https://auto.ria.com/newauto/auto-citroen-c4-1861772.html;27 091 $;737 700 грн;Полтава;Перевірений VIN-код;"Дизель 1.5 л;Автомат;Передній привід;";Без живих фото
Citroen C4 2021;https://auto.ria.com/newauto/auto-citroen-c4-1861769.html;25 622 $;697 700 грн;Полтава;Перевірений VIN-код;"Бензин 1.2 л;Автомат;Передній привід;";Без живих фото
Citroen C4 2021;https://auto.ria.com/newauto/auto-citroen-c4-1861767.html;23 419 $;637 700 грн;Полтава;Перевірений VIN-код;"Бензин 1.2 л;Автомат;Передній привід;";Без живих фото
Citroen C4 2021;https://auto.ria.com/newauto/auto-citroen-c4-1861765.html;18 601 $;506 500 грн;Полтава;Перевірений VIN-код;"Бензин 1.2 л;Механічна;Передній привід;";Без живих фото
Citroen C4 2021;https://auto.ria.com/newauto/auto-citroen-c4-1861771.html;24 892 $;677 800 грн;Полтава;Перевірений VIN-код;"Дизель 1.5 л;Автомат;Передній привід;";Без живих фото
Citroen Jumper груз. 2021;https://auto.ria.com/newauto/auto-citroen-jumper-gruz-1796556.html;52 361 $;1 425 800 грн;Полтава;Перевірений VIN-код;"Дизель 2.0 л;Механічна;Передній привід;";Без живих фото
Citroen Jumper груз. 2021;https://auto.ria.com/newauto/auto-citroen-jumper-gruz-1786912.html;50 044 $;1 362 700 грн;Полтава;Перевірений VIN-код;"Дизель 2.0 л;Механічна;Передній привід;";Без живих фото
Citroen Jumper пасс. 2021;https://auto.ria.com/newauto/auto-citroen-jumper-pass-1849403.html;37 392 $;1 018 200 грн;Полтава;Перевірений VIN-код;"Дизель 2.0 л;Механічна;Передній привід;";Без живих фото
Citroen Jumper груз. 2021;https://auto.ria.com/newauto/auto-citroen-jumper-gruz-1786913.html;51 781 $;1 410 000 грн;Полтава;Перевірений VIN-код;"Дизель 2.0 л;Механічна;Передній привід;";Без живих фото
Citroen C3 Aircross 2021;https://auto.ria.com/newauto/auto-citroen-c3-aircross-1853569.html;20 184 $;549 600 грн;Полтава;Перевірений VIN-код;"Дизель 1.6 л;Механічна;Передній привід;";Без живих фото
Citroen Berlingo пасс. 2021;https://auto.ria.com/newauto/auto-citroen-berlingo-pass-1863286.html;28 575 $;778 090 грн;Херсон;В наявності;"Дизель 1.5 л;Автомат;Передній привід;";Без живих фото
Citroen Jumper груз. 2021;https://auto.ria.com/newauto/auto-citroen-jumper-gruz-1796559.html;53 904 $;1 467 800 грн;Полтава;Перевірений VIN-код;"Дизель 2.0 л;Механічна;Передній привід;";Без живих фото
Citroen C3 Aircross 2021;https://auto.ria.com/newauto/auto-citroen-c3-aircross-1853571.html;23 896 $;650 700 грн;Полтава;Перевірений VIN-код;"Дизель 1.5 л;Автомат;Передній привід;";Без живих фото
Citroen Jumper пасс. 2021;https://auto.ria.com/newauto/auto-citroen-jumper-pass-1843702.html;34 271 $;933 200 грн;Полтава;Перевірений VIN-код;"Дизель 2.0 л;Механічна;Передній привід;";Без живих фото
Citroen C3 Aircross 2021;https://auto.ria.com/newauto/auto-citroen-c3-aircross-1853572.html;25 255 $;687 700 грн;Полтава;Перевірений VIN-код;"Дизель 1.5 л;Автомат;Передній привід;";Без живих фото
Citroen Jumper груз. 2021;https://auto.ria.com/newauto/auto-citroen-jumper-gruz-1853520.html;33 709 $;917 900 грн;Полтава;Перевірений VIN-код;"Дизель 2.0 л;Механічна;Передній привід;";Без живих фото
Citroen Jumper груз. 2021;https://auto.ria.com/newauto/auto-citroen-jumper-gruz-1853506.html;30 727 $;836 700 грн;Полтава;Перевірений VIN-код;"Дизель 2.0 л;Механічна;Передній привід;";Без живих фото
Citroen Jumper груз. 2021;https://auto.ria.com/newauto/auto-citroen-jumper-gruz-1853500.html;35 211 $;958 800 грн;Полтава;Перевірений VIN-код;"Дизель 2.0 л;Механічна;Передній привід;";Без живих фото
Citroen Jumpy груз. 2021;https://auto.ria.com/newauto/auto-citroen-jumpy-gruz-1853541.html;43 636 $;1 188 200 грн;Полтава;Перевірений VIN-код;"Дизель 2.0 л;Механічна;Повний привід;";Без живих фото
Citroen Jumper груз. 2021;https://auto.ria.com/newauto/auto-citroen-jumper-gruz-1853523.html;31 509 $;858 000 грн;Полтава;Перевірений VIN-код;"Дизель 2.0 л;Механічна;Передній привід;";Без живих фото
Citroen Jumper груз. 2021;https://auto.ria.com/newauto/auto-citroen-jumper-gruz-1853499.html;33 011 $;898 900 грн;Полтава;Перевірений VIN-код;"Дизель 2.0 л;Механічна;Передній привід;";Без живих фото
Citroen Jumper груз. 2021;https://auto.ria.com/newauto/auto-citroen-jumper-gruz-1853508.html;31 260 $;851 200 грн;Полтава;Перевірений VIN-код;"Дизель 2.0 л;Механічна;Передній привід;";Без живих фото
Citroen Jumpy груз. 2021;https://auto.ria.com/newauto/auto-citroen-jumpy-gruz-1853536.html;29 199 $;795 100 грн;Полтава;Перевірений VIN-код;"Дизель 2.0 л;Механічна;Передній привід;";Без живих фото
Citroen Jumper груз. 2021;https://auto.ria.com/newauto/auto-citroen-jumper-gruz-1830768.html;33 478 $;911 600 грн;Полтава;Перевірений VIN-код;"Дизель 2.0 л;Механічна;Передній привід;";Без живих фото
Citroen Jumper груз. 2021;https://auto.ria.com/newauto/auto-citroen-jumper-gruz-1853509.html;30 385 $;827 400 грн;Полтава;Перевірений VIN-код;"Дизель 2.0 л;Механічна;Передній привід;";Без живих фото
Citroen Jumper груз. 2021;https://auto.ria.com/newauto/auto-citroen-jumper-gruz-1853513.html;28 795 $;784 100 грн;Полтава;Перевірений VIN-код;"Дизель 2.0 л;Механічна;Передній привід;";Без живих фото
Citroen Jumpy груз. 2021;https://auto.ria.com/newauto/auto-citroen-jumpy-gruz-1853538.html;30 327 $;825 800 грн;Полтава;Перевірений VIN-код;"Дизель 2.0 л;Механічна;Передній привід;";Без живих фото
Citroen Jumper груз. 2021;https://auto.ria.com/newauto/auto-citroen-jumper-gruz-1853521.html;30 977 $;843 500 грн;Полтава;Перевірений VIN-код;"Дизель 2.0 л;Механічна;Передній привід;";Без живих фото
Citroen Jumper груз. 2021;https://auto.ria.com/newauto/auto-citroen-jumper-gruz-1853518.html;33 177 $;903 400 грн;Полтава;Перевірений VIN-код;"Дизель 2.0 л;Механічна;Передній привід;";Без живих фото
Citroen Jumper груз. 2021;https://auto.ria.com/newauto/auto-citroen-jumper-gruz-1853524.html;34 289 $;933 700 грн;Полтава;Перевірений VIN-код;"Дизель 2.0 л;Механічна;Передній привід;";Без живих фото
Citroen Jumper груз. 2021;https://auto.ria.com/newauto/auto-citroen-jumper-gruz-1853503.html;48 696 $;1 326 000 грн;Полтава;Перевірений VIN-код;"Дизель 2.0 л;Механічна;Повний привід;";Без живих фото
Citroen Jumper груз. 2021;https://auto.ria.com/newauto/auto-citroen-jumper-gruz-1853501.html;34 164 $;930 300 грн;Полтава;Перевірений VIN-код;"Дизель 2.0 л;Механічна;Передній привід;";Без живих фото
Citroen Jumper груз. 2021;https://auto.ria.com/newauto/auto-citroen-jumper-gruz-1830767.html;31 160 $;848 500 грн;Полтава;Перевірений VIN-код;"Дизель 2.0 л;Механічна;Передній привід;";Без живих фото
Citroen Jumpy груз. 2021;https://auto.ria.com/newauto/auto-citroen-jumpy-gruz-1853537.html;31 410 $;855 300 грн;Полтава;Перевірений VIN-код;"Дизель 2.0 л;Механічна;Передній привід;";Без живих фото
Citroen Jumper груз. 2021;https://auto.ria.com/newauto/auto-citroen-jumper-gruz-1853531.html;44 928 $;1 223 400 грн;Полтава;Перевірений VIN-код;"Дизель 2.0 л;Механічна;Повний привід;";Без живих фото
Citroen Jumper груз. 2021;https://auto.ria.com/newauto/auto-citroen-jumper-gruz-1853504.html;47 543 $;1 294 600 грн;Полтава;Перевірений VIN-код;"Дизель 2.0 л;Механічна;Повний привід;";Без живих фото
Citroen Jumpy груз. 2021;https://auto.ria.com/newauto/auto-citroen-jumpy-gruz-1853539.html;32 538 $;886 000 грн;Полтава;Перевірений VIN-код;"Дизель 2.0 л;Механічна;Передній привід;";Без живих фото
Citroen Jumper груз. 2021;https://auto.ria.com/newauto/auto-citroen-jumper-gruz-1853529.html;43 327 $;1 179 800 грн;Полтава;Перевірений VIN-код;"Дизель 2.0 л;Механічна;Повний привід;";Без живих фото
Citroen Jumper груз. 2021;https://auto.ria.com/newauto/auto-citroen-jumper-gruz-1853510.html;32 508 $;885 200 грн;Полтава;Перевірений VIN-код;"Дизель 2.0 л;Механічна;Передній привід;";Без живих фото
Citroen Jumper груз. 2021;https://auto.ria.com/newauto/auto-citroen-jumper-gruz-1853522.html;33 757 $;919 200 грн;Полтава;Перевірений VIN-код;"Дизель 2.0 л;Механічна;Передній привід;";Без живих фото
Citroen Jumper груз. 2021;https://auto.ria.com/newauto/auto-citroen-jumper-gruz-1825640.html;45 685 $;1 244 000 грн;Полтава;Перевірений VIN-код;"Дизель 2.0 л;Механічна;Повний привід;";Без живих фото
Citroen Jumper груз. 2021;https://auto.ria.com/newauto/auto-citroen-jumper-gruz-1853526.html;34 172 $;930 500 грн;Полтава;Перевірений VIN-код;"Дизель 2.0 л;Механічна;Передній привід;";Без живих фото
Citroen Jumper груз. 2021;https://auto.ria.com/newauto/auto-citroen-jumper-gruz-1853533.html;45 508 $;1 239 200 грн;Полтава;Перевірений VIN-код;"Дизель 2.0 л;Механічна;Повний привід;";Без живих фото
Citroen Jumper груз. 2021;https://auto.ria.com/newauto/auto-citroen-jumper-gruz-1853505.html;28 410 $;773 600 грн;Полтава;Перевірений VIN-код;"Дизель 2.0 л;Механічна;Передній привід;";Без живих фото
Citroen Jumper груз. 2021;https://auto.ria.com/newauto/auto-citroen-jumper-gruz-1853502.html;36 364 $;990 200 грн;Полтава;Перевірений VIN-код;"Дизель 2.0 л;Механічна;Передній привід;";Без живих фото
Citroen Jumper груз. 2021;https://auto.ria.com/newauto/auto-citroen-jumper-gruz-1853527.html;32 273 $;878 800 грн;Полтава;Перевірений VIN-код;"Дизель 2.0 л;Механічна;Передній привід;";Без живих фото
Citroen Jumper груз. 2021;https://auto.ria.com/newauto/auto-citroen-jumper-gruz-1853516.html;32 644 $;888 900 грн;Полтава;Перевірений VIN-код;"Дизель 2.2 л;Механічна;Передній привід;";Без живих фото
Citroen Jumper груз. 2021;https://auto.ria.com/newauto/auto-citroen-jumper-gruz-1853511.html;43 474 $;1 183 800 грн;Полтава;Перевірений VIN-код;"Дизель 2.0 л;Механічна;Повний привід;";Без живих фото
Citroen Jumper груз. 2021;https://auto.ria.com/newauto/auto-citroen-jumper-gruz-1853525.html;31 741 $;864 300 грн;Полтава;Перевірений VIN-код;"Дизель 2.0 л;Механічна;Передній привід;";Без живих фото
Citroen Jumper груз. 2021;https://auto.ria.com/newauto/auto-citroen-jumper-gruz-1853528.html;34 704 $;945 000 грн;Полтава;Перевірений VIN-код;"Дизель 2.0 л;Механічна;Передній привід;";Без живих фото
Citroen Jumper груз. 2021;https://auto.ria.com/newauto/auto-citroen-jumper-gruz-1853532.html;45 461 $;1 237 900 грн;Полтава;Перевірений VIN-код;"Дизель 2.0 л;Механічна;Повний привід;";Без живих фото
Citroen Jumper груз. 2021;https://auto.ria.com/newauto/auto-citroen-jumper-gruz-1853519.html;30 929 $;842 200 грн;Полтава;Перевірений VIN-код;"Дизель 2.0 л;Механічна;Передній привід;";Без живих фото
Citroen Jumper груз. 2021;https://auto.ria.com/newauto/auto-citroen-jumper-gruz-1853530.html;44 396 $;1 208 900 грн;Полтава;Перевірений VIN-код;"Дизель 2.2 л;Механічна;Повний привід;";Без живих фото
Citroen Jumper груз. 2021;https://auto.ria.com/newauto/auto-citroen-jumper-gruz-1853514.html;31 575 $;859 800 грн;Полтава;Перевірений VIN-код;"Дизель 2.0 л;Механічна;Передній привід;";Без живих фото
Citroen Jumper груз. 2021;https://auto.ria.com/newauto/auto-citroen-jumper-gruz-1853507.html;28 942 $;788 100 грн;Полтава;Перевірений VIN-код;"Дизель 2.0 л;Механічна;Передній привід;";Без живих фото
Citroen Jumper груз. 2021;https://auto.ria.com/newauto/auto-citroen-jumper-gruz-1853517.html;30 397 $;827 700 грн;Полтава;Перевірений VIN-код;"Дизель 2.0 л;Механічна;Передній привід;";Без живих фото
Citroen Jumpy груз. 2021;https://auto.ria.com/newauto/auto-citroen-jumpy-gruz-1853540.html;42 512 $;1 157 600 грн;Полтава;Перевірений VIN-код;"Дизель 2.0 л;Механічна;Повний привід;";Без живих фото
Citroen Jumper груз. 2021;https://auto.ria.com/newauto/auto-citroen-jumper-gruz-1853515.html;29 864 $;813 200 грн;Полтава;Перевірений VIN-код;"Дизель 2.2 л;Механічна;Передній привід;";Без живих фото
Citroen Jumper груз. 2021;https://auto.ria.com/newauto/auto-citroen-jumper-gruz-1853534.html;46 041 $;1 253 700 грн;Полтава;Перевірений VIN-код;"Дизель 2.0 л;Механічна;Повний привід;";Без живих фото
Citroen Jumper груз. 2021;https://auto.ria.com/newauto/auto-citroen-jumper-gruz-1786909.html;49 368 $;1 344 300 грн;Полтава;Перевірений VIN-код;"Дизель 2.0 л;Механічна;Передній привід;";Без живих фото
Citroen Jumper груз. 2021;https://auto.ria.com/newauto/auto-citroen-jumper-gruz-1796554.html;51 685 $;1 407 400 грн;Полтава;Перевірений VIN-код;"Дизель 2.0 л;Механічна;Передній привід;";Без живих фото
Citroen Berlingo пасс. 2021;https://auto.ria.com/newauto/auto-citroen-berlingo-pass-1861525.html;20 832 $;567 250 грн;Херсон;В наявності;"Дизель 1.6 л;Механічна;";Без живих фото
Citroen C-Elysee 2020;https://auto.ria.com/newauto/auto-citroen-c-elysee-1853074.html;14 183 $;386 200 грн;Запоріжжя;В наявності;"Бензин 1.6 л;Механічна;Передній привід;";Без живих фото
Citroen Berlingo пасс. 2021;https://auto.ria.com/newauto/auto-citroen-berlingo-pass-1853580.html;27 437 $;747 100 грн;Полтава;Перевірений VIN-код;"Дизель 1.5 л;Автомат;Передній привід;";Без живих фото
Citroen C-Elysee 2021;https://auto.ria.com/newauto/auto-citroen-c-elysee-1854209.html;16 537 $;450 300 грн;Полтава;Перевірений VIN-код;"Бензин 1.6 л;Автомат;Передній привід;";Без живих фото
Citroen C-Elysee 2021;https://auto.ria.com/newauto/auto-citroen-c-elysee-1854212.html;19 427 $;529 000 грн;Полтава;Перевірений VIN-код;"Дизель 1.6 л;Механічна;Передній привід;";Без живих фото
Citroen Berlingo пасс. 2021;https://auto.ria.com/newauto/auto-citroen-berlingo-pass-1853581.html;26 860 $;731 400 грн;Полтава;Перевірений VIN-код;"Дизель 1.5 л;Автомат;Передній привід;";Без живих фото
Citroen Berlingo пасс. 2021;https://auto.ria.com/newauto/auto-citroen-berlingo-pass-1852323.html;25 806 $;702 700 грн;Полтава;Перевірений VIN-код;"Дизель 1.5 л;Автомат;Передній привід;";Без живих фото
Citroen C-Elysee 2021;https://auto.ria.com/newauto/auto-citroen-c-elysee-1854210.html;17 734 $;482 900 грн;Полтава;Перевірений VIN-код;"Бензин 1.6 л;Автомат;Передній привід;";Без живих фото
Citroen Space Tourer 2021;https://auto.ria.com/newauto/auto-citroen-space-tourer-1864006.html;44 828 $;1 220 660 грн;Київ;В наявності;"Дизель 2.0 л;Автомат;Передній привід;";Живі фото
Citroen C5 Aircross 2020;https://auto.ria.com/newauto/auto-citroen-c5-aircross-1863075.html;30 157 $;821 180 грн;Київ;В наявності;"Дизель 2.0 л;Автомат;Передній привід;";Живі фото
Citroen Space Tourer 2021;https://auto.ria.com/newauto/auto-citroen-space-tourer-1863852.html;44 828 $;1 220 660 грн;Київ;Живі фото;"Дизель 2.0 л;Автомат;Передній привід;";Живі фото
Citroen C3 2021;https://auto.ria.com/newauto/auto-citroen-c3-1863081.html;20 692 $;563 440 грн;Київ;В наявності;"Бензин 1.2 л;Автомат;Передній привід;";Живі фото
Citroen C5 Aircross 2021;https://auto.ria.com/newauto/auto-citroen-c5-aircross-1863053.html;31 833 $;866 810 грн;Київ;В наявності;"Дизель 2.0 л;Автомат;Передній привід;";Живі фото
Citroen Berlingo пасс. 2020;https://auto.ria.com/newauto/auto-citroen-berlingo-pass-1855408.html;22 829 $;621 630 грн;Київ;В наявності;"Дизель 1.6 л;Механічна;";Живі фото
Citroen Berlingo груз. 2021;https://auto.ria.com/newauto/auto-citroen-berlingo-gruz-1863095.html;19 724 $;537 100 грн;Київ;В наявності;"Дизель 1.6 л;Механічна;Передній привід;";Живі фото
Citroen C5 Aircross 2021;https://auto.ria.com/newauto/auto-citroen-c5-aircross-1863069.html;31 833 $;866 810 грн;Київ;В наявності;"Дизель 2.0 л;Автомат;Передній привід;";Живі фото
Citroen C-Elysee 2020;https://auto.ria.com/newauto/auto-citroen-c-elysee-1848794.html;13 835 $;376 740 грн;Київ;В наявності;"Бензин 1.6 л;Механічна;Передній привід;";Живі фото
Citroen C3 2020;https://auto.ria.com/newauto/auto-citroen-c3-1847929.html;14 744 $;401 480 грн;Київ;В наявності;"Бензин 1.2 л;Механічна;Передній привід;";Живі фото
Citroen C5 Aircross 2021;https://auto.ria.com/newauto/auto-citroen-c5-aircross-1861527.html;32 536 $;885 960 грн;Миколаїв;В наявності;"Дизель 2.0 л;Автомат;Передній привід;";Живі фото
Citroen C5 Aircross 2020;https://auto.ria.com/newauto/auto-citroen-c5-aircross-1861007.html;30 157 $;821 180 грн;Київ;В наявності;"Дизель 2.0 л;Автомат;Передній привід;";Живі фото
Citroen Berlingo пасс. 2021;https://auto.ria.com/newauto/auto-citroen-berlingo-pass-1863084.html;27 351 $;744 780 грн;Київ;В наявності;"Дизель 1.5 л;Автомат;Передній привід;";Живі фото
Citroen C3 2020;https://auto.ria.com/newauto/auto-citroen-c3-1860399.html;14 744 $;401 480 грн;Київ;В наявності;"Бензин 1.2 л;Механічна;Передній привід;";Живі фото
Citroen Berlingo груз. 2021;https://auto.ria.com/newauto/auto-citroen-berlingo-gruz-1863024.html;19 724 $;537 100 грн;Київ;В наявності;"Дизель 1.6 л;Механічна;Передній привід;";Живі фото
Citroen C-Elysee 2020;https://auto.ria.com/newauto/auto-citroen-c-elysee-1863281.html;13 835 $;376 740 грн;Київ;В наявності;"Бензин 1.6 л;Механічна;Передній привід;";Живі фото
